City_ID,City,Cloudiness,Country,Date,Humidity,Lat,Lng,Max Temp,Wind Speed
0,luanda,3,AO,1563902863,83,-8.83,13.24,73.4,5.82
1,dikson,5,RU,1563902930,90,73.51,80.55,34.72,2.95
2,hithadhoo,99,MV,1563902930,76,-0.6,73.08,83.32,7.61
3,codrington,0,AU,1563902819,87,-28.95,153.24,55.99,9.17
4,tiznit,7,MA,1563902930,92,29.7,-9.73,69.1,11.77
5,hilo,20,US,1563902840,77,19.71,-155.08,73.99,6.93
6,berlevag,0,NO,1563902931,64,70.86,29.09,80.6,3.36
7,kodiak,1,US,1563902931,44,39.95,-94.76,78.01,7.05
8,kaeo,30,NZ,1563902931,100,-35.1,173.78,46.0,4.52
9,avarua,4,CK,1563902667,69,-21.21,-159.78,73.4,12.75
10,seoul,90,KR,1563902703,78,37.57,126.98,80.6,10.76
11,mataura,4,NZ,1563902931,98,-46.19,168.86,36.0,4.65
12,abha,0,SA,1563902931,64,18.22,42.5,86.0,9.17
13,yerbogachen,100,RU,1563902683,61,61.28,108.01,61.18,6.78
14,punta arenas,75,CL,1563902932,69,-53.16,-70.91,37.4,11.41
15,konstantinovskoye,20,RU,1563902932,73,45.3,42.64,71.01,11.18
16,chuy,100,UY,1563902932,81,-33.69,-53.46,56.5,14.63
17,paita,0,PE,1563902932,290,-5.09,-81.11,62.6,11.41
18,marshall,40,US,1563902932,51,32.54,-94.37,84.99,10.29
19,naze,98,NG,1563902932,95,5.43,7.07,73.6,5.3
20,butaritari,100,KI,1563902932,70,3.07,172.79,84.94,9.57
21,le port,69,FR,1563902932,39,42.87,1.37,93.0,5.99
22,encruzilhada,98,BR,1563902859,56,-15.53,-40.91,74.68,11.14
23,lompoc,1,US,1563902640,72,34.64,-120.46,82.99,6.76
24,sakhnovshchyna,83,UA,1563902933,74,49.15,35.87,67.3,7.7
25,lazaro cardenas,75,MX,1563902933,39,28.39,-105.62,84.0,11.41
26,kapaa,75,US,1563902933,78,22.08,-159.32,80.6,12.75
27,klaksvik,90,FO,1563902933,100,62.23,-6.59,55.4,12.75
28,albany,75,US,1563902669,60,42.65,-73.75,75.99,5.82
29,yar-sale,78,RU,1563902933,69,66.83,70.83,51.46,11.32
30,palmer,75,AU,1563902933,87,-34.85,139.16,53.6,6.93
31,barrow,0,AR,1563902933,28,-38.31,-60.23,54.16,10.92
32,havre,20,US,1563902934,50,48.55,-109.68,81.0,3.36
33,hasaki,75,JP,1563902934,100,35.73,140.83,73.4,4.7
34,henties bay,0,NA,1563902934,89,-22.12,14.28,57.0,5.01
35,rikitea,97,PF,1563902934,76,-23.12,-134.97,70.0,16.89
36,faanui,97,PF,1563902934,85,-16.48,-151.75,79.18,14.67
37,ushuaia,75,AR,1563902934,74,-54.81,-68.31,33.8,23.04
38,arraial do cabo,0,BR,1563902935,73,-22.97,-42.02,78.8,16.11
39,qaanaaq,60,GL,1563902935,62,77.48,-69.36,43.18,5.59
40,zihuatanejo,90,MX,1563902935,78,17.64,-101.55,82.4,9.17
41,vaini,100,IN,1563902935,93,15.34,74.49,76.48,2.71
42,bluff,0,AU,1563902935,71,-23.58,149.07,57.22,5.46
43,goderich,0,CA,1563902935,54,43.74,-81.71,75.99,8.99
44,new norfolk,20,AU,1563902935,60,-42.78,147.06,43.0,8.05
45,atuona,4,PF,1563902936,77,-9.8,-139.03,79.36,17.18
46,luderitz,52,NA,1563902849,87,-26.65,15.16,59.0,11.41
47,najran,20,SA,1563902936,13,17.54,44.22,95.0,8.05
48,daru,71,PG,1563902936,91,-9.07,143.21,73.6,9.64
49,bambous virieux,75,MU,1563902936,83,-20.34,57.76,71.6,17.22
50,valle de allende,67,MX,1563902936,38,26.94,-105.39,78.64,10.18
51,kavieng,99,PG,1563902936,76,-2.57,150.8,82.42,12.35
52,cape town,40,ZA,1563902771,81,-33.93,18.42,54.0,17.22
53,bethel,90,US,1563902694,87,60.79,-161.76,55.4,3.36
54,tasiilaq,40,GL,1563902915,70,65.61,-37.64,46.4,20.8
55,santa barbara,20,US,1563902700,73,34.42,-119.7,86.0,3.36
56,hermanus,83,ZA,1563902832,72,-34.42,19.24,55.0,13.0
57,lebu,75,ET,1563902871,72,8.96,38.73,62.6,5.82
58,kavaratti,99,IN,1563902937,76,10.57,72.64,82.78,20.56
59,palmeira das missoes,84,BR,1563902937,79,-27.9,-53.31,69.64,9.31
60,mogzon,88,RU,1563902937,92,51.74,111.97,52.54,4.07
61,basco,1,US,1563902937,44,40.33,-91.2,80.01,6.93
62,tecoanapa,90,MX,1563902937,74,16.99,-99.26,82.4,3.36
63,busselton,100,AU,1563902937,65,-33.64,115.35,59.0,9.84
64,chokurdakh,99,RU,1563902937,53,70.62,147.9,51.28,13.42
65,coihaique,40,CL,1563902938,65,-45.58,-72.07,46.4,5.82
66,srandakan,52,ID,1563902938,84,-7.94,110.25,74.14,8.86
67,upernavik,0,GL,1563902938,62,72.79,-56.15,48.4,7.14
68,norman wells,20,CA,1563902938,68,65.28,-126.83,68.0,6.93
69,port alfred,16,ZA,1563902938,81,-33.59,26.89,60.01,14.0
70,duldurga,73,RU,1563902938,96,50.67,113.59,50.92,4.27
71,natal,20,BR,1563902938,58,-5.81,-35.21,84.2,14.99
72,jalu,0,LY,1563902651,30,29.03,21.55,88.0,22.19
73,aksarka,100,RU,1563902939,63,66.56,67.8,53.8,14.79
74,muzaffarabad,61,PK,1563902939,77,34.37,73.47,73.96,4.09
75,hofn,100,IS,1563902939,94,64.25,-15.21,40.84,6.22
76,nurota,0,UZ,1563902939,11,40.56,65.69,96.8,16.11
77,nabire,100,ID,1563902939,99,-3.36,135.5,68.2,2.44
78,saint george,40,GR,1563902849,40,39.45,22.34,88.0,7.27
79,rawson,0,AR,1563902939,44,-43.3,-65.11,48.94,14.09
80,belozerskoye,100,RU,1563902939,92,55.82,65.58,59.02,4.03
81,okhotsk,0,RU,1563902940,79,59.36,143.24,46.06,4.61
82,ponta do sol,81,BR,1563902940,46,-20.63,-46.0,73.6,7.45
83,comodoro rivadavia,20,AR,1563902940,40,-45.87,-67.48,53.6,11.41
84,guerrero negro,17,MX,1563902940,78,27.97,-114.04,69.28,5.99
85,tokur,99,RU,1563902940,96,53.13,132.9,46.6,13.6
86,kikwit,36,CD,1563902940,25,-5.04,18.82,83.14,0.69
87,pimentel,40,BR,1563902940,48,-3.7,-45.5,88.18,6.71
88,constitucion,40,MX,1563902941,49,23.99,-104.67,71.01,8.05
89,esperance,90,AU,1563902941,100,-33.86,121.89,53.6,5.82
90,shirokiy,100,RU,1563902941,69,53.87,39.17,68.0,1.99
91,narsaq,40,GL,1563902941,55,60.91,-46.05,60.8,8.05
92,north bend,75,US,1563902941,82,43.41,-124.22,70.0,9.17
93,ivanovka,34,RU,1563902941,95,55.56,88.79,52.54,2.59
94,meulaboh,84,ID,1563902941,69,4.14,96.13,84.04,4.47
95,vostok,96,RU,1563902942,97,46.45,135.83,66.04,4.16
96,college,1,US,1563902942,68,64.86,-147.8,66.2,3.36
97,athabasca,0,CA,1563902942,50,54.72,-113.29,79.18,5.21
98,caluquembe,0,AO,1563902942,23,-13.78,14.68,63.34,6.02
99,saint-philippe,40,CA,1563902942,50,45.36,-73.48,81.0,12.75
100,saskylakh,84,RU,1563902942,79,71.97,114.09,46.06,2.93
101,sumenep,1,ID,1563902942,93,-7.02,113.87,70.18,5.03
102,chute-aux-outardes,75,CA,1563902943,60,49.12,-68.38,69.8,12.75
103,coquimbo,20,CL,1563902943,62,-29.95,-71.34,53.6,6.93
104,casper,1,US,1563902943,30,42.87,-106.31,84.0,5.82
105,carnarvon,82,ZA,1563902781,68,-30.97,22.13,41.74,37.36
106,aklavik,75,CA,1563902943,77,68.22,-135.01,62.6,4.7
107,qaqortoq,40,GL,1563902943,55,60.72,-46.03,60.8,8.05
108,nanortalik,100,GL,1563902943,94,60.14,-45.24,39.22,5.61
109,yellowknife,20,CA,1563902944,46,62.45,-114.38,75.0,10.29
110,jamestown,98,AU,1563902944,96,-33.21,138.6,50.92,6.58
111,hoquiam,90,US,1563902944,68,46.98,-123.89,66.99,6.93
112,bintulu,75,MY,1563902682,88,3.17,113.03,77.0,4.7
113,cherskiy,100,RU,1563902944,84,68.75,161.3,40.12,12.21
114,san policarpo,66,PH,1563902944,87,12.18,125.51,78.1,6.33
115,la ronge,20,CA,1563902944,64,55.1,-105.3,75.2,5.82
116,pouembout,0,NC,1563902944,71,-21.12,164.9,66.58,16.82
117,byron bay,0,AU,1563902945,100,-28.65,153.62,55.99,2.95
118,port elizabeth,90,US,1563902945,78,39.31,-74.98,75.99,6.93
119,kaitangata,6,NZ,1563902945,86,-46.28,169.85,42.01,4.0
120,husavik,3,CA,1563902945,33,50.56,-96.99,82.0,7.0
121,cayenne,34,GF,1563902945,83,4.94,-52.33,77.0,8.05
122,sao filipe,18,CV,1563902945,83,14.9,-24.5,74.86,20.74
123,clyde river,40,CA,1563902945,55,70.47,-68.59,62.6,6.93
124,caravelas,70,BR,1563902938,72,-17.73,-39.27,76.12,11.99
125,provideniya,100,RU,1563902923,96,64.42,-173.23,44.62,3.31
126,hobart,20,AU,1563902783,60,-42.88,147.33,43.0,8.05
127,gasa,100,BT,1563902946,94,27.91,89.73,43.36,4.21
128,lodi,0,IT,1563902946,49,45.31,9.5,93.99,5.82
129,fortuna,0,ES,1563902946,45,38.18,-1.13,93.0,12.75
130,uyuni,96,BO,1563902946,46,-20.46,-66.82,44.08,18.1
131,junin,0,PE,1563902946,26,-16.45,-71.58,60.8,8.05
132,udachnyy,70,RU,1563902947,40,66.42,112.4,68.0,2.24
133,paysandu,100,UY,1563902783,75,-32.32,-58.08,54.0,7.0
134,san jose,1,HN,1563902947,43,14.25,-87.96,89.6,13.87
135,souillac,0,FR,1563902947,21,45.6,-0.6,104.0,8.05
136,bonavista,100,CA,1563902947,79,48.65,-53.11,54.0,1.01
137,opuwo,0,NA,1563902947,32,-18.06,13.84,61.0,5.66
138,monte azul,99,BR,1563902947,35,-15.15,-42.87,81.52,9.86
139,yagoua,69,CM,1563902947,78,10.34,15.23,77.92,6.51
140,fairbanks,1,US,1563902833,68,64.84,-147.72,69.01,3.36
141,bilibino,100,RU,1563902947,92,68.06,166.44,31.84,4.21
142,castro,40,CL,1563902948,66,-42.48,-73.76,48.2,2.24
143,kinsale,75,IE,1563902948,88,51.71,-8.52,64.99,12.75
144,adrar,0,DZ,1563902948,10,27.87,-0.29,111.2,11.41
145,chernoyerkovskaya,20,RU,1563902948,78,45.43,37.76,82.0,6.71
146,altamira,75,BR,1563902948,52,-3.2,-52.21,89.6,3.36
147,sept-iles,40,CA,1563902810,68,50.2,-66.38,69.01,12.75
148,novyy nekouz,98,RU,1563902948,83,57.91,38.06,62.08,2.68
149,tazovskiy,2,RU,1563902948,69,67.47,78.7,50.56,16.55
150,grand gaube,75,MU,1563902949,83,-20.01,57.66,71.6,17.22
151,rameswaram,100,IN,1563902949,67,9.28,79.3,84.76,9.62
152,gimli,0,CA,1563902949,33,50.63,-96.99,82.0,8.16
153,puerto ayora,75,EC,1563902803,69,-0.74,-90.35,75.2,16.11
154,leninsk,0,RU,1563902949,53,48.69,45.2,82.0,8.95
155,cabo san lucas,40,MX,1563902821,69,22.89,-109.91,91.99,12.75
156,tuktoyaktuk,75,CA,1563902949,81,69.44,-133.03,51.8,12.75
157,lagoa,20,PT,1563902949,78,37.14,-8.45,80.01,10.29
158,nesoddtangen,20,NO,1563902950,57,59.86,10.66,80.01,8.05
159,tiksi,100,RU,1563902950,74,71.64,128.87,39.76,10.38
160,kruisfontein,58,ZA,1563902950,70,-34.0,24.73,52.72,9.4
161,vila velha,20,BR,1563902950,55,-3.71,-38.6,86.0,19.46
162,muros,20,ES,1563902950,65,42.77,-9.06,81.0,6.93
163,verkhnevilyuysk,0,RU,1563902950,58,63.45,120.31,55.78,2.84
164,omboue,21,GA,1563902950,85,-1.57,9.26,74.14,17.67
165,sola,23,TZ,1563902951,32,-3.17,33.8,70.54,3.06
166,nara,1,JP,1563902942,94,34.68,135.8,82.99,2.24
167,manjeshwar,75,IN,1563902951,94,12.72,74.89,73.4,4.7
168,maues,50,BR,1563902951,42,-3.38,-57.72,91.96,3.8
169,fort nelson,40,CA,1563902951,77,58.81,-122.69,68.0,6.93
170,mezen,45,RU,1563902951,86,65.85,44.24,57.76,10.89
171,green river,1,US,1563902951,27,41.53,-109.47,79.0,8.05
172,acapulco,90,MX,1563902952,74,16.86,-99.88,82.4,3.36
173,touros,20,BR,1563902952,54,-5.2,-35.46,84.2,13.87
174,vila franca do campo,75,PT,1563902952,88,37.72,-25.43,75.2,13.87
175,altamura,0,IT,1563902952,58,40.83,16.55,89.01,9.17
176,bredasdorp,34,ZA,1563902952,76,-34.53,20.04,55.0,11.41
177,belaya gora,100,RU,1563902952,44,68.54,146.19,51.82,12.95
178,saint-augustin,75,CA,1563902952,54,45.63,-73.98,81.0,12.75
179,pisco,40,PE,1563902953,30,-13.71,-76.2,71.6,11.41
180,lusambo,0,CD,1563902953,26,-4.97,23.44,74.68,2.1
181,tateyama,48,JP,1563902953,90,36.66,137.31,75.99,1.99
182,llanes,64,ES,1563902953,96,43.42,-4.75,75.0,1.01
183,muisne,90,EC,1563902930,78,0.61,-80.02,80.6,6.93
184,nikolskoye,20,RU,1563902953,40,59.7,30.79,73.4,4.47
185,elizabeth city,20,US,1563902850,59,36.3,-76.22,89.6,10.29
186,beloha,0,MG,1563902953,68,-25.17,45.06,61.72,11.59
187,margate,20,AU,1563902954,60,-43.03,147.26,43.0,8.05
188,airai,0,TL,1563902954,66,-8.93,125.41,64.96,4.85
189,sao joao da barra,40,BR,1563902954,61,-21.64,-41.05,78.8,20.8
190,beringovskiy,76,RU,1563902837,58,63.05,179.32,49.66,2.04
191,eureka,90,US,1563902935,82,40.8,-124.16,66.99,6.93
192,chachapoyas,88,PE,1563902954,47,-6.23,-77.87,66.04,1.79
193,ewa beach,75,US,1563902889,65,21.32,-158.01,81.0,10.29
194,mahebourg,75,MU,1563902952,83,-20.41,57.7,71.6,17.22
195,turka,96,RU,1563902954,87,52.95,108.22,48.4,3.27
196,atambua,0,ID,1563902954,70,-9.11,124.89,74.5,13.29
197,east london,0,ZA,1563902955,13,-33.02,27.91,80.6,13.87
198,chazuta,40,PE,1563902955,290,-6.57,-76.13,62.6,4.7
199,pevek,100,RU,1563902955,96,69.7,170.27,30.22,12.68
200,thompson,40,CA,1563902951,51,55.74,-97.86,82.4,4.7
201,severo-kurilsk,99,RU,1563902955,91,50.68,156.12,45.88,2.3
202,mount gambier,75,AU,1563902955,86,-37.83,140.78,41.0,9.17
203,geraldton,40,CA,1563902955,53,49.72,-86.95,71.6,10.29
204,arauca,75,VE,1563902955,94,7.08,-70.76,78.8,3.36
205,lata,38,IN,1563902956,93,30.78,78.62,43.0,0.76
206,puerto maldonado,57,PE,1563902956,42,-12.59,-69.19,90.52,3.06
207,moussoro,26,TD,1563902956,41,13.64,16.49,92.14,7.85
208,okha,100,RU,1563902956,93,53.59,142.95,49.66,24.32
209,victoria,75,BN,1563902662,94,5.28,115.24,77.0,2.24
210,kalmunai,99,LK,1563902956,78,7.42,81.82,77.38,1.39
211,segezha,100,RU,1563902956,91,63.74,34.31,51.1,2.86
212,liuzhou,49,CN,1563902957,92,24.32,109.41,74.86,1.1
213,pontes e lacerda,0,BR,1563902957,20,-15.23,-59.33,98.44,4.12
214,khatanga,83,RU,1563902957,64,71.98,102.47,46.24,8.75
215,praia,0,BR,1563902957,38,-20.25,-43.81,77.0,5.82
216,namibe,90,AO,1563902957,77,-15.19,12.15,66.2,17.22
217,queimadas,75,BR,1563902957,88,-7.36,-35.9,69.8,14.99
218,coihueco,0,CL,1563902957,57,-36.63,-71.83,55.0,10.29
219,sao jose da coroa grande,73,BR,1563902958,80,-8.9,-35.15,77.56,8.97
220,georgetown,40,GY,1563902958,74,6.8,-58.16,86.0,6.93
221,dwarka,40,IN,1563902958,66,28.58,77.04,91.4,4.7
222,satipo,76,PE,1563902958,70,-11.26,-74.64,49.12,7.34
223,port blair,93,IN,1563902795,80,11.67,92.75,84.22,22.68
224,klyuchevskiy,12,RU,1563902958,96,53.53,119.45,46.78,3.11
225,longyearbyen,75,NO,1563902958,70,78.22,15.63,48.2,2.24
226,port lincoln,7,AU,1563902958,76,-34.72,135.86,57.94,16.13
227,ribeira grande,75,PT,1563902959,88,38.52,-28.7,75.2,14.99
228,saldanha,56,PT,1563902959,36,41.42,-6.55,84.76,14.43
229,san cristobal,100,HN,1563902959,33,14.68,-86.92,87.28,7.65
230,itarema,55,BR,1563902959,58,-2.92,-39.92,85.12,13.13
231,whitehorse,75,CA,1563902959,82,60.72,-135.06,64.0,11.41
232,saint-chamond,0,FR,1563902960,23,45.47,4.51,98.6,8.05
233,emba,20,CY,1563902960,83,34.81,32.42,82.99,11.41
234,itoman,75,JP,1563902960,78,26.12,127.67,82.4,3.36
235,shunyi,0,CN,1563902960,83,40.13,116.65,87.01,4.47
236,leh,9,IN,1563902960,30,34.16,77.58,52.18,2.04
237,mersing,94,MY,1563902960,92,2.43,103.84,74.86,1.72
238,gweta,0,BW,1563902960,25,-20.21,25.26,64.96,7.11
239,havoysund,0,NO,1563902960,82,71.0,24.66,68.0,10.29
240,denpasar,45,ID,1563902716,87,-8.65,115.22,68.02,4.32
241,soyo,20,AO,1563902961,73,-6.13,12.37,75.2,8.05
242,vredendal,60,ZA,1563902961,74,-31.68,18.49,55.78,26.73
243,salalah,90,OM,1563902961,94,17.01,54.1,78.8,4.7
244,agua branca,29,BR,1563902961,35,-5.89,-42.63,91.06,6.38
245,mogadishu,24,SO,1563902906,80,2.04,45.34,75.76,17.9
246,inuvik,75,CA,1563902961,77,68.36,-133.71,62.6,11.41
247,gagret,23,IN,1563902961,59,31.66,76.06,90.16,5.44
248,winder,75,US,1563902744,83,33.99,-83.72,80.01,5.82
249,berea,75,US,1563902962,60,37.57,-84.3,81.0,9.17
250,namatanai,97,PG,1563902962,83,-3.66,152.44,78.82,18.16
251,pinega,96,RU,1563902962,91,64.7,43.39,60.82,4.81
252,honningsvag,0,NO,1563902962,82,70.98,25.97,68.0,10.29
253,poum,20,MK,1563902962,36,41.28,20.71,78.8,5.82
254,sidi bin nur,0,TN,1563902962,38,35.53,10.92,87.8,10.29
255,clyde,0,NZ,1563902962,98,-45.19,169.32,28.99,4.56
256,anadyr,40,RU,1563902963,93,64.73,177.51,44.6,8.28
257,vuktyl,68,RU,1563902963,74,63.86,57.31,61.72,5.1
258,kirakira,72,SB,1563902963,79,-10.46,161.92,76.66,14.88
259,trairi,48,BR,1563902963,56,-3.28,-39.27,84.04,9.1
260,nalut,0,LY,1563902963,20,31.86,10.98,87.28,14.81
261,kristianstad,8,SE,1563902676,69,56.03,14.16,75.99,6.93
262,arlit,45,NE,1563902963,33,18.74,7.39,93.94,14.07
263,voronovytsya,83,UA,1563902964,46,49.11,28.68,71.6,6.71
264,kedrovyy,40,RU,1563902964,100,56.17,91.82,53.6,3.02
265,chai nat,100,TH,1563902964,63,15.18,100.13,83.5,6.06
266,lannion,0,FR,1563902686,57,48.73,-3.46,87.8,8.05
267,torbay,90,CA,1563902902,77,47.66,-52.73,71.01,11.41
268,makinsk,93,KZ,1563902964,92,52.63,70.42,59.38,6.85
269,mlonggo,56,ID,1563902964,75,-6.53,110.7,78.82,11.36
270,diego de almagro,46,CL,1563902964,54,-26.39,-70.05,54.16,9.57
271,alofi,7,NU,1563902964,68,-19.06,-169.92,69.8,4.7
272,pearl,90,US,1563902965,78,32.27,-90.13,77.0,5.82
273,olavarria,73,AR,1563902965,38,-36.89,-60.32,52.0,5.75
274,bathurst,21,AU,1563902965,88,-33.42,149.58,44.01,1.99
275,talnakh,0,RU,1563902965,87,69.49,88.39,57.2,20.13
276,west wendover,1,US,1563902965,21,40.74,-114.07,89.6,13.87
277,dali,0,CN,1563902965,50,34.79,109.94,81.52,1.34
278,topeka,1,US,1563902791,44,39.05,-95.68,80.01,10.29
279,edgewater,75,US,1563902965,66,28.99,-80.9,93.0,5.82
280,bandrele,0,YT,1563902966,69,-12.91,45.19,77.0,9.17
281,camacha,20,PT,1563902966,73,33.08,-16.33,77.0,13.87
282,coos bay,75,US,1563902966,82,43.37,-124.22,70.0,9.17
283,ilebo,49,CD,1563902966,29,-4.33,20.59,79.18,2.98
284,pimenta bueno,26,BR,1563902966,29,-11.68,-61.19,94.84,4.72
285,shaunavon,35,CA,1563902966,51,49.65,-108.41,80.8,17.78
286,aginskoye,17,RU,1563902967,87,51.11,114.54,52.36,5.39
287,birao,33,CF,1563902967,71,10.3,22.78,78.64,6.58
288,visaginas,43,LT,1563902967,94,55.6,26.44,63.7,5.91
289,ketchikan,90,US,1563902967,82,55.34,-131.65,62.6,13.87
290,shar,86,NG,1563902967,91,7.3,8.73,76.12,4.56
291,krasnyy kholm,100,RU,1563902967,83,58.06,37.11,61.72,4.21
292,nkayi,49,CG,1563902967,51,-4.18,13.29,82.96,8.79
293,glens falls,40,US,1563902967,56,43.31,-73.64,78.01,4.7
294,eyl,98,SO,1563902968,45,7.98,49.82,83.86,26.78
295,venice,75,US,1563902968,66,27.1,-82.45,87.8,13.67
296,makat,55,KZ,1563902968,21,47.65,53.35,84.4,15.14
297,salinopolis,63,BR,1563902968,76,-0.61,-47.36,81.88,16.55
298,ladario,82,PT,1563902968,59,40.7,-7.74,88.0,1.99
299,severo-yeniseyskiy,11,RU,1563902968,93,60.37,93.04,52.0,3.27
300,blackwater,0,GB,1563902968,35,51.33,-0.78,91.99,10.29
301,bourne,0,GB,1563902861,38,52.77,-0.38,88.0,9.17
302,avera,40,US,1563902894,49,33.19,-82.53,93.2,11.41
303,paldiski,0,EE,1563902969,77,59.35,24.08,71.6,9.17
304,sogne,20,NO,1563902969,73,58.08,7.82,77.0,11.41
305,rodrigues alves,75,BR,1563902969,94,-7.74,-72.65,71.6,13.87
306,mabamba,26,TZ,1563902830,55,-3.6,30.5,62.08,4.23
307,wiarton,75,CA,1563902969,64,44.74,-81.13,73.99,5.82
308,khash,51,IR,1563902969,45,28.22,61.21,70.36,2.93
309,makakilo city,20,US,1563902704,78,21.35,-158.09,81.0,10.2
310,cotonou,40,BJ,1563902970,88,6.37,2.43,78.8,10.29
311,alyangula,18,AU,1563902970,93,-13.85,136.42,60.8,4.7
312,te anau,0,NZ,1563902970,81,-45.41,167.72,40.66,0.31
313,ancud,40,CL,1563902970,66,-41.87,-73.83,48.2,2.24
314,zyryanka,76,RU,1563902970,67,65.73,150.89,42.64,9.64
315,dunedin,52,NZ,1563902970,82,-45.87,170.5,51.01,13.0
316,vilyuysk,0,RU,1563902970,45,63.75,121.63,58.12,3.09
317,joshimath,68,IN,1563902971,95,30.57,79.57,59.38,0.98
318,flinders,40,AU,1563902971,44,-34.58,150.85,62.01,8.05
319,sioux lookout,90,CA,1563902971,60,50.1,-91.92,75.2,4.7
320,amapa,75,HN,1563902971,55,15.09,-87.97,91.99,3.36
321,takhtamygda,79,RU,1563902971,93,54.1,123.57,47.5,7.83
322,port hawkesbury,90,CA,1563902971,88,45.62,-61.36,71.01,8.05
323,taonan,41,CN,1563902971,78,45.34,122.78,64.99,1.99
324,sao gabriel da cachoeira,40,BR,1563902972,78,-0.13,-67.09,82.4,3.36
325,harer,1,US,1563902972,44,42.19,-111.17,84.99,9.35
326,cidreira,100,BR,1563902797,85,-30.17,-50.22,69.64,1.86
327,la romana,40,DO,1563902759,66,18.43,-68.97,87.8,13.87
328,inhambane,0,MZ,1563902972,68,-23.87,35.38,68.0,16.11
329,tigil,0,RU,1563902972,82,57.8,158.67,36.52,4.21
330,ambilobe,15,MG,1563902972,62,-13.19,49.05,68.38,6.38
331,yashan,33,CN,1563902972,83,30.81,118.02,79.72,4.0
332,samarai,45,PG,1563902972,86,-10.62,150.67,72.16,8.97
333,lorengau,100,PG,1563902973,81,-2.02,147.27,79.9,9.46
334,willowmore,79,ZA,1563902973,68,-33.3,23.49,44.08,18.86
335,egvekinot,100,RU,1563902973,93,66.32,-179.17,43.36,2.57
336,alihe,100,CN,1563902973,98,50.57,123.73,53.8,4.74
337,iqaluit,20,CA,1563902973,87,63.75,-68.52,42.8,4.7
338,necochea,0,AR,1563902973,46,-38.55,-58.74,54.0,4.0
339,majene,29,ID,1563902973,73,-3.54,118.97,80.44,27.89
340,cap malheureux,75,MU,1563902974,83,-19.98,57.61,71.6,17.22
341,noumea,0,NC,1563902974,82,-22.28,166.46,55.4,2.24
342,pacific grove,90,US,1563902974,87,36.62,-121.92,84.0,8.05
343,urmary,0,RU,1563902974,68,55.68,47.94,64.4,4.47
344,bathsheba,40,BB,1563902974,74,13.22,-59.52,86.0,16.11
345,moree,0,AU,1563902974,48,-29.46,149.84,42.8,6.93
346,peterhead,75,AU,1563902974,87,-34.83,138.5,53.6,6.93
347,faya,0,SA,1563902975,64,18.39,42.45,86.0,9.17
348,gambiran,79,ID,1563902975,93,-7.93,111.77,64.6,3.96
349,tarko-sale,19,RU,1563902975,82,64.92,77.78,61.0,16.8
350,kununurra,1,AU,1563902975,63,-15.77,128.74,60.8,5.82
351,north platte,1,US,1563902725,53,41.12,-100.77,75.99,8.05
352,yulara,0,AU,1563902975,32,-25.24,130.99,51.8,8.05
353,claremore,40,US,1563902975,54,36.31,-95.62,82.0,4.7
354,pallisa,66,UG,1563902975,85,1.17,33.71,67.12,4.07
355,santa maria del oro,25,MX,1563902976,40,25.95,-105.37,77.02,13.31
356,hellvik,20,NO,1563902976,73,59.92,5.78,70.0,10.29
357,vagur,100,FO,1563902976,99,61.47,-6.81,52.9,17.76
358,yumen,28,CN,1563902976,38,40.29,97.04,70.9,7.29
359,cobija,40,BR,1563902976,59,-11.02,-68.77,91.4,2.24
360,eloy,1,US,1563902976,38,32.76,-111.56,97.0,5.82
361,belmonte,57,PT,1563902976,32,40.36,-7.35,97.0,8.48
362,nyurba,0,RU,1563902977,57,63.29,118.35,55.78,3.04
363,padang,100,ID,1563902977,79,-0.92,100.36,80.62,4.97
364,deputatskiy,96,RU,1563902977,46,69.3,139.9,49.12,7.56
365,auki,62,NG,1563902977,66,12.18,6.51,81.52,4.61
366,guder,38,ET,1563902977,91,8.97,37.77,54.88,1.14
367,maragogi,73,BR,1563902876,80,-9.01,-35.22,77.56,8.97
368,pandan,100,PH,1563902977,76,11.72,122.09,82.96,12.62
369,vung tau,68,VN,1563902825,89,10.35,107.08,79.72,7.4
370,santa isabel,75,MX,1563902978,35,32.63,-115.58,98.6,11.41
371,mehamn,0,NO,1563902978,64,71.03,27.85,68.0,3.36
372,ishigaki,97,JP,1563902978,79,24.34,124.16,82.96,11.39
373,voznesenye,89,RU,1563902978,73,61.02,35.48,56.14,4.5
374,mitsamiouli,22,KM,1563902978,77,-11.38,43.28,75.4,22.01
375,bani,56,YE,1563902978,75,16.02,42.93,89.08,17.2
376,kitui,60,KE,1563902978,54,-1.37,38.02,67.84,11.07
377,merauke,50,ID,1563902978,85,-8.49,140.4,77.38,20.45
378,port hardy,40,CA,1563902979,77,50.7,-127.42,60.8,4.7
379,ahipara,33,NZ,1563902979,100,-35.17,173.16,46.0,12.48
380,ladybrand,0,ZA,1563902979,18,-29.19,27.46,55.6,20.94
381,lavrentiya,100,RU,1563902979,96,65.58,-170.99,43.9,4.36
382,santa maria da boa vista,18,BR,1563902979,27,-8.8,-39.83,89.44,14.41
383,rio branco,20,BR,1563902733,49,-9.98,-67.82,89.6,5.82
384,dhidhdhoo,69,MV,1563902979,77,6.88,73.1,82.96,11.77
385,wanning,20,AT,1563902979,35,48.64,13.53,87.8,5.82
386,scarborough,4,GB,1563902980,57,54.28,-0.41,86.0,9.17
387,oktyabrskiy,75,RU,1563902980,82,55.61,37.97,66.2,6.71
388,mar del plata,0,AR,1563902980,50,-46.43,-67.52,45.52,13.42
389,jacareacanga,20,BR,1563902980,44,-6.22,-57.76,95.0,5.82
390,gamboma,92,CG,1563902980,43,-1.87,15.88,84.58,1.99
391,bubaque,92,GW,1563902980,83,11.28,-15.83,79.54,12.41
392,vitim,88,RU,1563902981,62,59.44,112.57,57.76,4.61
393,muncar,37,ID,1563902981,96,-8.43,114.34,66.94,1.61
394,mumford,70,GH,1563902981,84,5.26,-0.76,75.4,7.47
395,foki,21,RU,1563902981,93,56.69,54.35,59.02,6.64
396,wana,0,PK,1563902981,65,32.31,69.59,71.62,1.88
397,myshkin,98,RU,1563902981,83,57.78,38.45,62.08,2.68
398,labuhan,93,ID,1563902981,81,-2.54,115.51,70.0,1.43
399,asosa,100,ET,1563902982,96,10.07,34.53,64.6,1.25
400,herat,0,AF,1563902982,11,34.35,62.22,89.6,13.87
401,chernigovka,97,RU,1563902982,99,44.34,132.57,67.66,3.98
402,fukue,75,JP,1563902982,88,35.03,136.69,78.01,4.7
403,castelbuono,0,IT,1563902982,80,37.93,14.09,84.99,1.99
404,healdsburg,1,US,1563902982,68,38.61,-122.87,86.0,3.74
405,kahului,20,US,1563902692,57,20.89,-156.47,80.6,19.6
406,ginda,19,IN,1563902983,94,30.69,78.49,64.06,2.37
407,gizo,0,IL,1563902983,66,31.8,34.94,84.99,8.05
408,bunia,38,CD,1563902983,95,1.56,30.25,64.96,1.03
409,howard springs,1,AU,1563902983,93,-12.5,131.05,69.01,3.36
410,nandgaon,42,IN,1563902983,70,20.31,74.66,83.32,15.23
411,cascais,20,PT,1563902983,53,38.7,-9.42,82.4,24.16
412,sobolevo,98,RU,1563902983,93,54.43,31.9,61.54,5.99
413,bennettsville,1,US,1563902984,55,34.62,-79.68,93.0,6.93
414,plettenberg bay,63,ZA,1563902984,66,-34.05,23.37,51.28,11.74
415,buraydah,0,SA,1563902984,18,26.33,43.97,102.2,3.36
416,igbo ora,70,NG,1563902984,92,7.43,3.28,74.86,6.4
417,lichinga,0,MZ,1563902984,64,-13.3,35.25,57.94,3.67
418,bonfim,6,GY,1563902984,47,3.36,-59.84,90.88,7.74
419,alexandria,48,RO,1563902984,90,43.97,25.33,69.01,1.01
420,dicabisagan,88,PH,1563902984,93,17.08,122.42,74.68,2.01
421,katsuura,75,JP,1563902985,94,33.93,134.5,77.0,4.7
422,amahai,100,ID,1563902985,91,-3.31,129.0,78.01,8.77
423,hualmay,100,PE,1563902985,87,-11.1,-77.61,61.36,19.93
424,dingle,99,PH,1563902985,89,11.0,122.67,75.04,2.86
425,tevaitoa,98,PF,1563902985,82,-16.78,-151.5,78.82,16.13
426,labuan,75,BN,1563902985,94,5.28,115.24,77.0,2.24
427,esmeraldas,0,BR,1563902925,38,-19.76,-44.31,77.0,5.82
428,leirvik,20,NO,1563902986,73,59.78,5.5,70.0,10.29
429,tabriz,40,IR,1563902811,29,38.08,46.29,87.8,13.87
430,boende,57,CD,1563902986,68,-0.28,20.88,77.38,1.54
431,berdigestyakh,0,RU,1563902986,54,62.1,126.7,51.64,3.83
432,tual,100,ID,1563902986,85,-5.67,132.75,76.84,18.16
433,marsh harbour,57,BS,1563902986,74,26.54,-77.06,84.58,17.05
434,burnie,2,AU,1563902987,94,-41.05,145.91,39.99,3.0
435,cockburn town,40,TC,1563902987,63,21.46,-71.14,91.4,13.87
436,honiara,40,SB,1563902987,100,-9.43,159.96,73.4,2.24
437,narasapur,70,IN,1563902987,85,16.45,81.67,81.16,5.06
438,richards bay,0,ZA,1563902987,37,-28.77,32.06,76.84,22.46
439,tuatapere,0,NZ,1563902987,98,-46.13,167.69,36.0,9.17
440,rockingham,0,GB,1563902987,38,52.52,-0.72,91.99,9.17
441,losevo,90,RU,1563902987,93,51.73,38.83,64.4,2.42
442,la tuque,40,CA,1563902988,67,47.44,-72.79,60.1,9.19
443,vao,0,EE,1563902988,73,59.1,26.19,65.86,6.73
444,elko,1,US,1563902988,36,40.83,-115.76,79.0,3.36
445,russell,1,US,1563902988,38,38.9,-98.86,80.01,4.7
446,sibu,75,MY,1563902988,94,2.29,111.83,75.2,2.24
447,port-gentil,20,GA,1563902988,83,-0.72,8.78,77.0,13.87
448,turayf,0,SA,1563902988,17,31.68,38.65,95.0,6.93
449,poykovskiy,0,RU,1563902989,68,61.23,73.33,69.8,8.95
450,marzuq,94,YE,1563902989,33,14.4,46.47,81.88,3.27
451,katobu,35,ID,1563902989,88,-4.94,122.53,69.64,3.15
452,broken hill,0,AU,1563902989,66,-31.97,141.45,50.0,11.41
453,omsukchan,71,RU,1563902989,94,62.53,155.8,31.48,3.11
454,nizhniy kuranakh,0,RU,1563902989,79,58.84,125.49,46.42,2.1
455,kiama,40,AU,1563902989,44,-34.67,150.86,62.01,8.05
456,catalao,58,BR,1563902745,45,-18.17,-47.95,78.28,9.4
457,horta,20,BR,1563902990,65,-10.93,-37.66,80.6,12.75
458,mineiros,16,BR,1563902990,31,-17.57,-52.55,83.68,6.87
459,aksha,100,RU,1563902990,80,50.28,113.29,57.58,7.25
460,morant bay,20,JM,1563902990,58,17.88,-76.41,87.8,23.04
461,price,1,US,1563902990,28,39.6,-110.81,87.01,8.55
462,koslan,3,RU,1563902990,86,63.46,48.9,58.48,2.75
463,amurzet,100,CN,1563902990,98,47.69,131.09,66.04,1.77
464,aykhal,97,RU,1563902991,40,65.95,111.51,68.0,2.24
465,isangel,11,VU,1563902991,64,-19.55,169.27,70.9,14.97
466,amlame,23,TG,1563902991,87,7.47,0.9,75.4,4.52
467,turinsk,39,RU,1563902991,92,58.04,63.7,59.38,4.27
468,chapais,90,CA,1563902991,76,49.78,-74.86,48.2,9.17
469,machico,20,PT,1563902991,69,32.7,-16.77,77.0,6.93
470,ballina,40,IE,1563902991,68,54.11,-9.15,72.0,10.29
471,zhezkazgan,0,KZ,1563902991,42,47.8,67.71,73.06,8.61
472,fraga,0,ES,1563902992,19,41.52,0.35,98.01,14.99
473,komsomolskiy,79,RU,1563902992,72,67.55,63.78,49.3,9.17
474,wajima,26,JP,1563902992,95,37.4,136.9,73.78,13.69
475,tambun,40,ID,1563902992,65,-6.26,107.07,79.0,4.7
476,kotma,100,IN,1563902992,67,23.2,81.98,83.5,6.2
477,road town,20,VG,1563902992,62,18.42,-64.62,87.8,11.41
478,pemba,40,MZ,1563902890,60,-12.97,40.52,75.2,11.41
479,cururupu,30,BR,1563902992,74,-1.82,-44.87,83.68,5.61
480,moose factory,90,CA,1563902993,76,51.26,-80.61,53.6,3.36
481,san francisco,75,CO,1563902934,68,1.17,-76.88,69.8,3.36
482,baculin,100,PH,1563902993,89,7.45,126.58,71.98,3.2
483,portobelo,75,PA,1563902993,83,9.55,-79.65,84.2,3.36
484,gazanjyk,0,TM,1563902993,51,39.24,55.52,90.16,18.14
485,alice springs,0,AU,1563902923,41,-23.7,133.88,42.8,4.7
486,cucunuba,86,CO,1563902993,87,5.25,-73.77,67.66,3.76
487,quelimane,20,MZ,1563902993,72,-17.88,36.89,68.0,2.24
488,choctaw,75,US,1563902993,44,35.5,-97.27,82.0,13.87
489,muroto,100,JP,1563902994,90,33.37,134.14,72.16,3.13
490,kargasok,100,RU,1563902994,91,59.06,80.87,57.76,1.79
491,kieta,86,PG,1563902994,82,-6.22,155.63,78.28,6.4
492,sojat,100,IN,1563902994,50,25.92,73.67,94.12,11.25
493,swan hill,17,AU,1563902994,92,-35.34,143.56,42.64,5.77
494,obzor,40,BG,1563902994,83,42.82,27.88,73.4,4.7
495,lastoursville,13,GA,1563902994,60,-0.81,12.73,79.0,2.24
496,usak,0,TR,1563902994,21,38.67,29.41,82.4,11.41
497,karoi,0,ZW,1563902995,57,-16.82,29.68,55.24,4.59
498,phayakkhaphum phisai,100,TH,1563902995,75,15.52,103.19,80.08,8.75
499,dakar,20,SN,1563902769,62,14.69,-17.45,86.0,13.87
500,puerto narino,40,CO,1563902995,74,-3.77,-70.38,87.8,4.7
501,wanxian,100,CN,1563902995,97,30.8,108.39,74.86,2.21
502,santa maria,20,BR,1563902995,41,-16.02,-48.01,77.0,10.29
503,eydhafushi,97,MV,1563902995,75,5.1,73.07,82.96,11.21
504,tucuman,0,PE,1563902995,39,-17.17,-70.89,60.28,9.89
505,barcelos,0,BR,1563902996,53,-0.97,-62.93,89.08,5.41
506,flin flon,20,CA,1563902996,47,54.77,-101.88,80.6,6.35
507,ushtobe,33,KZ,1563902996,24,45.25,77.98,80.98,3.15
508,oriximina,1,BR,1563902996,46,-1.77,-55.87,91.42,9.51
509,saryg-sep,75,RU,1563902996,80,51.49,95.55,56.32,2.51
510,westport,90,US,1563902996,69,41.14,-73.36,73.99,10.29
511,porbandar,93,IN,1563902997,85,21.64,69.61,83.86,18.79
512,kamenka,47,MD,1563902997,72,48.03,28.7,69.01,5.53
513,tonantins,82,BR,1563902997,49,-2.86,-67.77,91.6,2.75
514,chernyshevskiy,73,RU,1563902997,55,63.01,112.47,56.86,5.77
515,shambu,45,ET,1563902997,89,9.57,37.1,54.88,2.13
516,kampene,2,CD,1563902997,44,-3.59,26.67,72.88,1.48
517,conde,1,BR,1563902948,60,-11.81,-37.61,79.0,9.8
518,los llanos de aridane,20,ES,1563902997,64,28.66,-17.92,75.2,17.22
519,lambarene,19,GA,1563902997,70,-0.7,10.22,79.0,6.4
520,dusti,0,TJ,1563902998,45,37.35,68.68,84.2,5.03
521,presidencia roque saenz pena,100,AR,1563902766,75,-26.79,-60.44,49.66,9.33
522,leningradskiy,100,RU,1563902998,81,69.38,178.42,39.4,3.04
523,cherdyn,8,RU,1563902998,94,60.4,56.48,59.02,2.71
524,suez,0,EG,1563902998,57,29.97,32.54,81.52,19.08
525,sitka,0,US,1563902998,51,37.17,-99.65,77.0,1.01
526,kumluca,0,TR,1563902998,56,36.37,30.29,65.5,2.17
527,buncrana,20,GB,1563902998,57,55.14,-7.45,78.8,13.87
528,sibolga,100,ID,1563902720,73,1.74,98.78,82.96,3.76
529,catuday,100,PH,1563902999,70,16.29,119.81,83.86,0.87
530,horsham,6,AU,1563902999,93,-36.71,142.2,37.6,4.59
531,maniitsoq,0,GL,1563902999,80,65.42,-52.9,47.68,7.09
532,aberdeen,90,US,1563902999,68,46.98,-123.82,66.99,6.93
533,devils lake,1,US,1563902999,50,48.11,-98.87,78.8,4.7
534,segou,75,SN,1563902999,52,12.41,-12.29,93.2,6.93
535,semiletka,0,RU,1563902999,91,55.36,54.62,58.48,7.61
536,ati,0,TD,1563903000,42,13.21,18.34,91.06,6.13
537,lokbatan,0,AZ,1563903000,61,40.32,49.73,78.8,16.11
538,oshawa,75,CA,1563902861,50,43.92,-78.86,79.0,5.82
539,mount isa,12,AU,1563903000,19,-20.73,139.49,60.8,11.41
540,solnechnyy,100,RU,1563903000,98,50.72,136.64,50.02,7.2
541,timmins,75,CA,1563903000,63,48.48,-81.33,62.6,12.75
542,vallenar,41,CL,1563903000,44,-28.58,-70.76,55.6,7.43
543,ngunguru,42,NZ,1563903000,94,-35.62,174.5,46.0,1.99
544,podgorenskiy,98,RU,1563903001,66,50.4,39.64,66.76,1.68
545,ryazhsk,100,RU,1563903001,69,53.71,40.06,66.99,1.01
546,terrace,75,CA,1563903001,77,54.52,-128.61,62.6,4.7
547,kathmandu,75,NP,1563902753,83,27.71,85.32,75.2,4.7
548,stromness,20,CA,1563903001,53,42.87,-79.55,81.0,6.93
549,karratha,92,AU,1563903001,49,-20.74,116.85,66.94,7.18
550,ixtapa,90,MX,1563903001,74,20.71,-105.21,84.2,6.93
551,walvis bay,0,NA,1563903002,77,-22.95,14.51,66.2,12.75
552,yuli,88,CN,1563903002,97,24.82,106.77,69.82,2.04
553,hami,91,CN,1563903004,31,42.84,93.51,77.02,3.53
554,syracuse,40,US,1563902863,56,43.05,-76.15,79.0,6.69
555,ust-omchug,0,RU,1563903004,73,61.13,149.63,31.84,2.15
556,plaster rock,1,CA,1563903004,49,46.91,-67.4,73.0,4.7
557,ilulissat,75,GL,1563903004,53,69.22,-51.1,50.0,5.82
558,erice,0,IT,1563903005,69,38.04,12.59,84.99,16.11
559,balkanabat,0,TM,1563903005,64,39.51,54.36,84.76,7.87
560,come,40,BJ,1563903005,88,6.41,1.88,78.8,10.29
561,tarancon,20,ES,1563903005,16,40.01,-3.01,100.4,2.24
562,gushikawa,20,JP,1563902835,83,26.35,127.87,82.4,7.18
563,strezhevoy,0,RU,1563903005,77,60.73,77.6,64.4,4.47
